,INV,CODEX,concepta,REGESTUM,LITTERAE,CONCEPTUM,locR,locI,locA,threshold10,threshold20,threshold30,threshold40,threshold50,threshold60,threshold70,threshold80,threshold90
0,60,NNlNNl,2,N,LAT,N,0,00,000,19,14,7,2,2,1,1,1,1
1,91,IIlNNl,2,N,LAT,N,0,00,000,18,13,6,2,2,1,1,1,1
2,105,NNl,1,N,LAT,N,0,00,000,2,2,2,1,1,1,1,1,1
3,111,NNl,1,N,LAT,N,0,00,000,2,2,2,1,1,1,1,1,1
4,122,NNl,1,N,LAT,N,0,00,000,2,2,2,1,1,1,1,1,1
5,131,NNl,1,N,LAT,N,0,00,000,2,2,2,1,1,1,1,1,1
6,135,IIl,1,I,LAT,I,0,00,000,3,3,3,1,1,1,1,1,1
7,141,IIlNNl,2,I,LAT,I,0,00,000,18,13,6,2,2,1,1,1,1
8,171,...IIl,2,I,LAT,I,0,00,000,12,10,5,2,2,1,1,1,1
9,211,CCl,1,C,LAT,C,0,00,000,7,6,3,1,1,1,1,1,1
10,225,CClIIlIIlNNlPPlPPlXXlXXlXXl,9,I,LAT,I,0,00,000,103,84,49,21,13,10,7,5,5
11,256,IIlNNlNNlXXl,4,N,LAT,N,0,00,000,50,38,21,6,5,3,2,2,2
12,270,NNlPPlXXlXXl,4,N,LAT,N,0,00,000,57,44,25,7,5,3,2,2,2
13,283,PPl,1,I,LAT,P?,0,00,000,6,6,3,1,1,1,1,1,1
14,293,NNlPPl,2,P,LAT,P,0,00,000,20,15,7,2,2,1,1,1,1
15,296,NNlPPl,2,P,LAT,P,8,80,8015,20,15,7,2,2,1,1,1,1
16,360,PPl,1,I,LAT,P?,0,00,000,6,6,3,1,1,1,1,1,1
17,431,IIl,1,I,LAT,I,6,614,61439,3,3,3,1,1,1,1,1,1
18,432,IIl,1,I,LAT,I,8,80,8015,3,3,3,1,1,1,1,1,1
19,433,IIlNNlNNl,3,N,LAT,N,8,80,8015,65,50,29,9,6,4,3,2,2
20,441,IIlNNl,2,N,LAT,N,7,77,775,18,13,6,2,2,1,1,1,1
21,467,IIlNNlXXl,3,I,LAT,I,6,615,6151,66,51,29,9,6,4,3,2,2
22,476,IIlIIlNNl,3,N,LAT,N,6,615,61522,64,49,29,9,6,4,3,2,2
23,478,NNlNNl,2,I,LAT,N?,6,613,61316,19,14,7,2,2,1,1,1,1
24,497,NNl,1,N,LAT,N,9,98,985,2,2,2,1,1,1,1,1,1
25,498,NNlXXl,2,I,LAT,NUM?,0,00,000,21,15,7,2,2,1,1,1,1
26,499,NNl,1,N,LAT,N,9,98,986,2,2,2,1,1,1,1,1,1
27,505,NNl,1,N,LAT,N,6,613,61313,2,2,2,1,1,1,1,1,1
28,515,NNl,1,N,LAT,N,0,00,000,2,2,2,1,1,1,1,1,1
29,516,NNl,1,N,LAT,N,0,00,000,2,2,2,1,1,1,1,1,1
30,517,NNl,1,N,LAT,N,8,82,820,2,2,2,1,1,1,1,1,1
31,518,NNl,1,N,LAT,N,8,80,8016,2,2,2,1,1,1,1,1,1
32,519,NNl,1,N,LAT,N,9,96,968,2,2,2,1,1,1,1,1,1
33,524,NNlNNl,2,N,LAT,N,0,00,000,19,14,7,2,2,1,1,1,1
34,530,NNl,1,N,LAT,N,0,00,000,2,2,2,1,1,1,1,1,1
35,541,NNl,1,N,LAT,N,6,613,61319,2,2,2,1,1,1,1,1,1
36,557,NNlNNl,2,N,LAT,N,0,00,000,19,14,7,2,2,1,1,1,1
37,596,NNlXXlXXlXXlIigIigXxg,7,X,LAT,NUM,0,00,000,101,82,47,19,11,8,5,4,4
38,601,NNlNngXxgXxg,4,n,GRA,N,0,00,000,44,35,18,5,4,2,2,2,2
39,603,NNlXXl,2,I,LAT,NUM?,9,98,980,21,15,7,2,2,1,1,1,1
40,605,NNlIig,2,N,LAT,N,0,00,000,34,25,13,4,3,1,1,1,1
41,623,NNlNng,2,n,GRA,N,6,65,657,35,26,13,4,3,1,1,1,1
42,636,NNl,1,I,LAT,N?,0,00,000,2,2,2,1,1,1,1,1,1
43,639,NNl,1,I,LAT,N?,0,00,000,2,2,2,1,1,1,1,1,1
44,643,NNlNNlXXlIig,4,I,LAT,N?,0,00,000,55,42,23,7,5,3,2,2,2
45,649,NNl,1,N,LAT,N,9,95,959,2,2,2,1,1,1,1,1,1
46,650,NNl,1,N,LAT,N,9,95,959,2,2,2,1,1,1,1,1,1
47,658,XXl,1,I,LAT,NUM?,9,98,986,4,4,3,1,1,1,1,1,1
48,662,NNlXXlXXlXxg,4,X,LAT,NUM,5,52,520,53,40,23,7,5,3,2,2,2
49,663,NNl,1,N,LAT,N,9,98,986,2,2,2,1,1,1,1,1,1
50,664,XXlXxg,2,X,LAT,NUM,0,00,000,25,18,9,3,3,1,1,1,1
51,665,XXlXxg,2,X,LAT,NUM,6,613,61316,25,18,9,3,3,1,1,1,1
52,666,XXlXxg,2,X,LAT,NUM,8,80,8024,25,18,9,3,3,1,1,1,1
53,669,NNl,1,I,LAT,N?,6,614,61438,2,2,2,1,1,1,1,1,1
54,673,NNl,1,I,LAT,N?,6,614,61438,2,2,2,1,1,1,1,1,1
55,674,NNl,1,I,LAT,N?,6,614,61438,2,2,2,1,1,1,1,1,1
56,675,NNl,1,I,LAT,N?,6,614,61438,2,2,2,1,1,1,1,1,1
57,676,NNlXXlXxg,3,I,LAT,N?,0,00,000,81,64,36,12,8,5,3,2,2
58,683,NNl,1,N,LAT,N,5,52,520,2,2,2,1,1,1,1,1,1
59,692,NNlNNl,2,N,LAT,N,5,52,520,19,14,7,2,2,1,1,1,1
60,696,IIl,1,I,LAT,I,8,80,8015,3,3,3,1,1,1,1,1,1
61,697,IIlNNlXXl,3,I,LAT,N?,8,80,8015,66,51,29,9,6,4,3,2,2
62,700,IIlXXl,2,I,LAT,I,8,80,8037,14,11,5,2,2,1,1,1,1
63,707,NNl,1,I,LAT,N?,9,98,986,2,2,2,1,1,1,1,1,1
64,720,IIlNNl,2,N,LAT,N,0,00,000,18,13,6,2,2,1,1,1,1
65,721,NNl,1,I,LAT,N?,6,614,61438,2,2,2,1,1,1,1,1,1
66,726,NNlNNl,2,N,LAT,N,9,99,990,19,14,7,2,2,1,1,1,1
67,728,IIl,1,I,LAT,I,9,97,974,3,3,3,1,1,1,1,1,1
68,732,IIlXXl,2,X,LAT,NUM,9,96,965,14,11,5,2,2,1,1,1,1
69,734,XXlXxg,2,X,LAT,NUM,8,80,8015,25,18,9,3,3,1,1,1,1
70,744,NNlXXl,2,I,LAT,NUM?,5,52,520,21,15,7,2,2,1,1,1,1
71,752,NNlPPlNng,3,n,GRA,N,6,613,61316,83,66,37,12,8,5,3,2,2
72,753,IIlIIlNNl,3,N,LAT,N,9,97,9720,64,49,29,9,6,4,3,2,2
73,768,NNlNNl,2,I,LAT,N?,8,80,8015,19,14,7,2,2,1,1,1,1
74,769,NNlNNl,2,I,LAT,N?,8,80,8015,19,14,7,2,2,1,1,1,1
75,770,NNlNNl,2,I,LAT,N?,5,52,520,19,14,7,2,2,1,1,1,1
76,771,NNlNNl,2,I,LAT,N?,5,52,520,19,14,7,2,2,1,1,1,1
77,772,NNlNNl,2,I,LAT,N?,9,92,9218,19,14,7,2,2,1,1,1,1
78,779,NNl,1,N,LAT,N,0,00,000,2,2,2,1,1,1,1,1,1
79,780,NNl,1,N,LAT,N,9,98,984,2,2,2,1,1,1,1,1,1
80,783,NNl,1,I,LAT,N?,0,00,000,2,2,2,1,1,1,1,1,1
81,787,NNl,1,N,LAT,N,0,00,000,2,2,2,1,1,1,1,1,1
82,797,NNlXXl,2,I,LAT,NUM?,0,00,000,21,15,7,2,2,1,1,1,1
83,811,IIlXXlIig,3,I,LAT,NUM?,8,80,8015,73,57,32,11,7,5,3,2,2
84,812,IIl,1,I,LAT,I,6,615,61520,3,3,3,1,1,1,1,1,1
85,826,NNlXXl,2,I,LAT,NUM?,8,82,8221,21,15,7,2,2,1,1,1,1
86,838,IIlIIlNNl,3,I,LAT,I,0,00,000,64,49,29,9,6,4,3,2,2
87,842,IIlIIl,2,I,LAT,I,8,80,8015,15,11,5,2,2,1,1,1,1
88,869,IIl,1,I,LAT,I,6,614,61438,3,3,3,1,1,1,1,1,1
89,893,NNl,1,I,LAT,N?,0,00,000,2,2,2,1,1,1,1,1,1
90,902,IIlNNl,2,I,LAT,I,0,00,000,18,13,6,2,2,1,1,1,1
91,913,XXl,1,I,LAT,NUM?,5,52,520,4,4,3,1,1,1,1,1,1
92,956,Nng,1,n,GRA,N,9,95,950,1,1,1,1,1,1,1,1,1
93,957,Iig,1,i,GRA,I,0,00,000,8,7,4,1,1,1,1,1,1
94,963,Nng,1,n,GRA,N,5,52,520,1,1,1,1,1,1,1,1,1
95,970,Nng,1,n,GRA,N,0,00,000,1,1,1,1,1,1,1,1,1
96,971,IigNng,2,n,GRA,N,5,52,521,36,27,14,4,3,1,1,1,1
97,972,Iig,1,i,GRA,I,8,80,8015,8,7,4,1,1,1,1,1,1
98,973,Nng,1,n,GRA,N,0,00,000,1,1,1,1,1,1,1,1,1
99,974,Nng,1,n,GRA,N,6,613,61316,1,1,1,1,1,1,1,1,1
100,975,Nng,1,n,GRA,N,5,52,520,1,1,1,1,1,1,1,1,1
101,976,IigNng,2,n,GRA,N,5,52,520,36,27,14,4,3,1,1,1,1
102,977,IigNng,2,n,GRA,N,6,613,61316,36,27,14,4,3,1,1,1,1
103,978,IigNngPpg,3,n,GRA,N,6,613,61316,95,76,41,14,8,5,3,2,2
104,979,IigNngPpg,3,n,GRA,N,6,613,61316,95,76,41,14,8,5,3,2,2
105,980,IigNngPpg,3,n,GRA,N,6,613,61316,95,76,41,14,8,5,3,2,2
106,981,IigNngPpg,3,n,GRA,N,6,613,61316,95,76,41,14,8,5,3,2,2
107,982,NngPpgXxg,3,n,GRA,N,6,613,61316,87,69,38,13,8,5,3,2,2
108,995,IigNng,2,i,GRA,N?,9,95,950,36,27,14,4,3,1,1,1,1
109,1002,IigNngPpg,3,n,GRA,N,0,00,000,95,76,41,14,8,5,3,2,2
110,1004,Ppg,1,p,GRA,P,6,614,61438,11,9,4,1,1,1,1,1,1
111,1005,IigPpg,2,i,GRA,I,8,80,805,24,17,8,3,3,1,1,1,1
112,1030,NNlNNlIigPpg,4,i,GRA,P?,0,00,000,58,45,26,8,5,3,2,2,2
113,1032,XXlIig,2,X,LAT,NUM,8,80,8015,27,20,10,3,3,1,1,1,1
114,1033,XXlIig,2,i,GRA,I,8,82,8239,27,20,10,3,3,1,1,1,1
115,1047,XXlIig,2,I,LAT,NUM?,6,613,61313,27,20,10,3,3,1,1,1,1
116,1057,Nng,1,n,GRA,N,5,51,5118,1,1,1,1,1,1,1,1,1
117,1058,Nng,1,n,GRA,N,5,52,520,1,1,1,1,1,1,1,1,1
118,1059,Nng,1,n,GRA,N,5,52,520,1,1,1,1,1,1,1,1,1
119,1060,Nng,1,n,GRA,N,6,616,61611,1,1,1,1,1,1,1,1,1
120,1062,IigNng,2,n,GRA,N,5,52,520,36,27,14,4,3,1,1,1,1
121,1063,IigNng,2,n,GRA,N,5,52,520,36,27,14,4,3,1,1,1,1
122,1064,IigNng,2,n,GRA,N,6,616,61611,36,27,14,4,3,1,1,1,1
123,1080,NNlXXl,2,X,LAT,NUM,6,613,61316,21,15,7,2,2,1,1,1,1
124,1086,Nng,1,n,GRA,N,8,80,8015,1,1,1,1,1,1,1,1,1
125,1089,Nng,1,n,GRA,N,5,52,5218,1,1,1,1,1,1,1,1,1
126,1090,Nng,1,n,GRA,N,5,52,521,1,1,1,1,1,1,1,1,1
127,1091,Nng,1,n,GRA,N,5,52,521,1,1,1,1,1,1,1,1,1
128,1092,Nng,1,n,GRA,N,5,52,521,1,1,1,1,1,1,1,1,1
129,1093,Nng,1,n,GRA,N,5,52,521,1,1,1,1,1,1,1,1,1
130,1096,Nng,1,n,GRA,N,0,00,000,1,1,1,1,1,1,1,1,1
131,1097,Nng,1,n,GRA,N,9,97,974,1,1,1,1,1,1,1,1,1
132,1098,Nng,1,n,GRA,N,6,65,657,1,1,1,1,1,1,1,1,1
133,1099,Nng,1,n,GRA,N,0,00,000,1,1,1,1,1,1,1,1,1
134,1100,Nng,1,n,GRA,N,0,00,000,1,1,1,1,1,1,1,1,1
135,1101,Nng,1,n,GRA,N,0,00,000,1,1,1,1,1,1,1,1,1
136,1103,NngXxg,2,n,GRA,N,9,92,9217,39,30,15,4,3,1,1,1,1
137,1104,IIlNng,2,I,LAT,I,9,92,9217,32,23,12,4,3,1,1,1,1
138,1105,Nng,1,n,GRA,N,9,92,9217,1,1,1,1,1,1,1,1,1
139,1106,Nng,1,n,GRA,N,9,92,9217,1,1,1,1,1,1,1,1,1
140,1107,NngXxg,2,n,GRA,N,9,92,9217,39,30,15,4,3,1,1,1,1
141,1108,NngXxgXxg,3,i,GRA,NUM?,9,92,9217,88,69,38,13,8,5,3,2,2
142,1109,IigNng,2,i,GRA,I,9,92,9217,36,27,14,4,3,1,1,1,1
143,1110,IigNng,2,i,GRA,I,9,92,9217,36,27,14,4,3,1,1,1,1
144,1111,Nng,1,n,GRA,N,6,613,61316,1,1,1,1,1,1,1,1,1
145,1112,Nng,1,n,GRA,N,6,613,61316,1,1,1,1,1,1,1,1,1
146,1121,Nng,1,n,GRA,N,8,80,8015,1,1,1,1,1,1,1,1,1
147,1125,Nng,1,n,GRA,N,0,00,000,1,1,1,1,1,1,1,1,1
148,1127,IigXxg,2,n,GRA,N,0,00,000,22,16,8,3,3,1,1,1,1
149,1128,NngXxgXxg,3,n,GRA,N,0,00,000,88,69,38,13,8,5,3,2,2
150,1129,NngXxg,2,n,GRA,N,6,615,6156,39,30,15,4,3,1,1,1,1
151,1130,NngXxgXxg,3,n,GRA,N,0,00,000,88,69,38,13,8,5,3,2,2
152,1131,NngXxgXxg,3,n,GRA,N,0,00,000,88,69,38,13,8,5,3,2,2
153,1132,SSSNngXxgXxgXxg,5,S,\N,S,6,613,61316,100,81,46,18,10,7,4,3,3
154,1133,NngXxgXxg,3,i,GRA,NUM?,0,00,000,88,69,38,13,8,5,3,2,2
155,1151,IigIig,2,i,GRA,I,0,00,000,23,17,8,3,3,1,1,1,1
156,1156,XXlIigNng,3,n,GRA,N,0,00,000,90,71,39,14,8,5,3,2,2
157,1163,IigIig,2,i,GRA,I,6,613,61316,23,17,8,3,3,1,1,1,1
158,1165,IigXxg,2,i,GRA,NUM?,0,00,000,22,16,8,3,3,1,1,1,1
159,1169,NngXxg,2,x,GRA,NUM,0,00,000,39,30,15,4,3,1,1,1,1
160,1174,NngNngNngNngPpg,5,n,GRA,N,5,52,520,98,79,44,16,10,7,4,3,3
161,1175,NNlNngNngNngPpgXxg,6,n,GRA,N,0,00,000,96,77,42,15,9,6,4,3,3
162,1176,NngPpg,2,p,GRA,P,5,52,520,38,29,15,4,3,1,1,1,1
163,1177,NngPpg,2,n,GRA,N,0,00,000,38,29,15,4,3,1,1,1,1
164,1178,NngPpgXxg,3,n,GRA,N,8,80,8015,87,69,38,13,8,5,3,2,2
165,1179,NngPpg,2,n,GRA,N,5,52,520,38,29,15,4,3,1,1,1,1
166,1180,NngPpg,2,n,GRA,N,6,614,61412,38,29,15,4,3,1,1,1,1
167,1181,NngPpgXxg,3,p,GRA,P,8,80,8015,87,69,38,13,8,5,3,2,2
168,1182,NngPpg,2,p,GRA,P,5,52,520,38,29,15,4,3,1,1,1,1
169,1183,NngNngPpg,3,x,GRA,NUM,6,613,61316,91,72,40,14,8,5,3,2,2
170,1184,NngPpg,2,n,GRA,N,0,00,000,38,29,15,4,3,1,1,1,1
171,1185,NngPpgXxg,3,n,GRA,N,5,52,520,87,69,38,13,8,5,3,2,2
172,1190,XXlNngPpgXxg,4,X,LAT,NUM,6,613,61316,40,31,16,5,4,2,2,2,2
173,1191,...Ppg,2,...,\N,...,5,52,520,29,21,11,3,3,1,1,1,1
174,1195,NngXxgXxg,3,x,GRA,NUM,0,00,000,88,69,38,13,8,5,3,2,2
175,1196,NngXxgXxg,3,n,GRA,N,8,82,8239,88,69,38,13,8,5,3,2,2
176,1210,IigXxg,2,i,GRA,NUM?,6,613,61316,22,16,8,3,3,1,1,1,1
177,1211,NngPpg,2,n,GRA,N,5,52,527,38,29,15,4,3,1,1,1,1
178,1213,NngNngPpgXxg,4,n,GRA,N,0,00,000,41,32,16,5,4,2,2,2,2
179,1223,Nng,1,n,GRA,N,8,80,8015,1,1,1,1,1,1,1,1,1
180,1226,Xxg,1,i,GRA,NUM?,5,52,520,9,8,4,1,1,1,1,1,1
181,1227,Xxg,1,i,GRA,NUM?,5,52,520,9,8,4,1,1,1,1,1,1
182,1228,Xxg,1,i,GRA,NUM?,5,52,520,9,8,4,1,1,1,1,1,1
183,1229,Xxg,1,i,GRA,NUM?,5,52,520,9,8,4,1,1,1,1,1,1
184,1230,Xxg,1,i,GRA,NUM?,5,52,520,9,8,4,1,1,1,1,1,1
185,1240,IigXxg,2,i,GRA,NUM?,0,00,000,22,16,8,3,3,1,1,1,1
186,1241,IigNngXxg,3,i,GRA,NUM?,0,00,000,93,74,41,14,8,5,3,2,2
187,1245,NngNng,2,i,GRA,N?,9,96,965,37,28,15,4,3,1,1,1,1
188,1246,NngNng,2,i,GRA,N?,9,98,984,37,28,15,4,3,1,1,1,1
189,1247,NngNng,2,i,GRA,N?,6,616,61612,37,28,15,4,3,1,1,1,1
190,1259,NngXxgXxgXxg,4,n,GRA,N,5,52,520,43,34,17,5,4,2,2,2,2
191,1262,NngXxg,2,i,GRA,NUM?,9,96,964,39,30,15,4,3,1,1,1,1
192,1263,IigNng,2,i,GRA,I,5,52,5218,36,27,14,4,3,1,1,1,1
193,1273,IigNng,2,i,GRA,I,5,52,520,36,27,14,4,3,1,1,1,1
194,1280,NngNng,2,n,GRA,N,6,613,61316,37,28,15,4,3,1,1,1,1
195,1283,IigIig,2,i,GRA,I,1,12,1220,23,17,8,3,3,1,1,1,1
196,1284,IigIig,2,i,GRA,I,1,12,1220,23,17,8,3,3,1,1,1,1
197,1285,IigIig,2,i,GRA,I,1,12,1220,23,17,8,3,3,1,1,1,1
198,1294,Iig,1,i,GRA,I,6,615,61522,8,7,4,1,1,1,1,1,1
199,1297,IigXxg,2,x,GRA,NUM,5,52,520,22,16,8,3,3,1,1,1,1
200,1300,Nng,1,n,GRA,N,8,82,8229,1,1,1,1,1,1,1,1,1
201,1301,IigNng,2,n,GRA,N,8,80,8015,36,27,14,4,3,1,1,1,1
202,1304,NngXxg,2,n,GRA,n,6,613,61316,39,30,15,4,3,1,1,1,1
203,1305,NNlNngNng,3,n,GRA,N,6,614,61438,78,61,35,12,8,5,3,2,2
204,1306,NNlNngNng,3,n,GRA,N,6,614,61438,78,61,35,12,8,5,3,2,2
205,1307,NNlNngNng,3,n,GRA,N,6,614,61438,78,61,35,12,8,5,3,2,2
206,1308,NNlNngNng,3,n,GRA,N,6,614,61438,78,61,35,12,8,5,3,2,2
207,1309,IigXxg,2,i,GRA,NUM?,6,614,61438,22,16,8,3,3,1,1,1,1
208,1310,NNlNngNng,3,I,LAT,N?,6,614,61438,78,61,35,12,8,5,3,2,2
209,1311,NNlNngNng,3,I,LAT,N?,6,614,61438,78,61,35,12,8,5,3,2,2
210,1312,IigXxg,2,i,GRA,NUM?,6,614,61438,22,16,8,3,3,1,1,1,1
211,1315,NngXxg,2,i,GRA,NUM?,9,98,986,39,30,15,4,3,1,1,1,1
212,1316,Nng,1,i,GRA,N?,0,00,000,1,1,1,1,1,1,1,1,1
213,1317,IIlNngNngXxg,4,i,GRA,NUM?,9,99,990,47,36,19,5,4,2,2,2,2
214,1319,Iig,1,i,GRA,I,5,52,520,8,7,4,1,1,1,1,1,1
215,1330,IigXxg,2,i,GRA,NUM?,0,00,000,22,16,8,3,3,1,1,1,1
216,1332,NNl,1,N,LAT,N,0,00,000,2,2,2,1,1,1,1,1,1
217,1333,IIlNNlNng,3,N,LAT,N,0,00,000,59,46,27,9,6,4,3,2,2
218,1334,NNlNngNngXxg,4,N,LAT,N,0,00,000,46,35,18,5,4,2,2,2,2
219,1335,NNlNngXxgXxg,4,N,LAT,N,0,00,000,44,35,18,5,4,2,2,2,2
220,1352,Xxg,1,i,GRA,NUM?,0,00,000,9,8,4,1,1,1,1,1,1
221,1353,IIl,1,I,LAT,I,0,00,000,3,3,3,1,1,1,1,1,1
222,1373,...IigIig,3,...,\N,...,0,00,000,69,54,31,10,7,5,3,2,2
223,1411,Ccg,1,c,GRA,C,5,52,520,10,9,4,1,1,1,1,1,1
224,1412,Ccg,1,c,GRA,C,5,52,520,10,9,4,1,1,1,1,1,1
225,1417,NNlPPlPpg,3,N,LAT,N,0,00,000,86,68,37,12,8,5,3,2,2
226,1421,NNlNNlIig,3,N,LAT,N,5,52,520,85,67,37,12,8,5,3,2,2
227,1426,IIlIIlNNlSSSXXlIig,6,S,\N,S,5,51,5115,102,83,48,20,12,9,6,4,4
228,1427,IIlNNl,2,I,LAT,I,5,52,520,18,13,6,2,2,1,1,1,1
229,1428,IIlNNlXXlXxg,4,I,LAT,I,9,98,986,56,43,24,7,5,3,2,2,2
230,1436,IigIig,2,i,GRA,I,1,110,1107,23,17,8,3,3,1,1,1,1
231,1446,NngXxg,2,n,GRA,N,1,18,180,39,30,15,4,3,1,1,1,1
232,1447,Nng,1,n,GRA,N,1,18,180,1,1,1,1,1,1,1,1,1
233,1448,Nng,1,n,GRA,N,1,18,180,1,1,1,1,1,1,1,1,1
234,1449,Nng,1,n,GRA,N,1,18,180,1,1,1,1,1,1,1,1,1
235,1453,Nng,1,i,GRA,N?,1,18,181,1,1,1,1,1,1,1,1,1
236,1460,Iig,1,i,GRA,I,1,110,11013,8,7,4,1,1,1,1,1,1
237,1461,Iig,1,i,GRA,I,1,18,1817,8,7,4,1,1,1,1,1,1
238,1481,Iig,1,i,GRA,I,1,18,1815,8,7,4,1,1,1,1,1,1
239,1495,XxgXxg,2,i,GRA,NUM?,3,31,315,26,19,9,3,3,1,1,1,1
240,1496,XxgXxg,2,i,GRA,NUM?,1,110,1107,26,19,9,3,3,1,1,1,1
241,1500,NngXxg,2,i,GRA,NUM?,1,18,1818,39,30,15,4,3,1,1,1,1
242,1502,NNl,1,N,LAT,N,extra moe0ia,extra moe0ia0,extra moe0ia00,2,2,2,1,1,1,1,1,1
243,1503,NNlNngNng,3,i,GRA,N?,1,18,180,78,61,35,12,8,5,3,2,2
244,1504,NNlNngNng,3,i,GRA,N?,1,18,180,78,61,35,12,8,5,3,2,2
245,1505,NNlNngNng,3,i,GRA,N?,1,18,180,78,61,35,12,8,5,3,2,2
246,1506,NNlNngNng,3,i,GRA,N?,1,18,180,78,61,35,12,8,5,3,2,2
247,1507,NNl,1,I,LAT,N?,1,18,180,2,2,2,1,1,1,1,1,1
248,1508,Nng,1,n,GRA,N,1,17,1715,1,1,1,1,1,1,1,1,1
249,1509,Nng,1,n,GRA,N,1,18,1810,1,1,1,1,1,1,1,1,1
250,1510,Nng,1,n,GRA,N,1,17,1715,1,1,1,1,1,1,1,1,1
251,1513,Nng,1,n,GRA,N,1,18,180,1,1,1,1,1,1,1,1,1
252,1514,NngNng,2,n,GRA,N,1,17,1715,37,28,15,4,3,1,1,1,1
253,1517,IigXxg,2,i,GRA,NUM?,1,18,1817,22,16,8,3,3,1,1,1,1
254,1518,Iig,1,i,GRA,I,extra moe0ia,extra moe0ia0,extra moe0ia00,8,7,4,1,1,1,1,1,1
255,1533,Nng,1,n,GRA,N,1,17,1715,1,1,1,1,1,1,1,1,1
256,1534,Nng,1,n,GRA,N,1,17,1715,1,1,1,1,1,1,1,1,1
257,1537,Nng,1,n,GRA,N,1,18,1813,1,1,1,1,1,1,1,1,1
258,1538,IigIigPpg,3,i,GRA,I,1,17,1715,72,56,31,10,7,5,3,2,2
259,1540,NngPpg,2,n,GRA,N,1,111,1112,38,29,15,4,3,1,1,1,1
260,1541,NngPpg,2,n,GRA,N,1,18,180,38,29,15,4,3,1,1,1,1
261,1542,NngPpgXxg,3,n,GRA,N,1,18,180,87,69,38,13,8,5,3,2,2
262,1543,NngPpgXxg,3,n,GRA,N,1,18,180,87,69,38,13,8,5,3,2,2
263,1544,NngPpg,2,n,GRA,N,1,18,180,38,29,15,4,3,1,1,1,1
264,1545,NngPpg,2,n,GRA,N,1,18,180,38,29,15,4,3,1,1,1,1
265,1546,NngPpg,2,n,GRA,N,1,18,180,38,29,15,4,3,1,1,1,1
266,1547,NngPpg,2,n,GRA,N,1,18,180,38,29,15,4,3,1,1,1,1
267,1548,NngPpg,2,n,GRA,N,1,18,180,38,29,15,4,3,1,1,1,1
268,1549,IigNng,2,n,GRA,N,1,18,180,36,27,14,4,3,1,1,1,1
269,1550,NngPpgXxg,3,n,GRA,N,1,18,180,87,69,38,13,8,5,3,2,2
270,1551,IigNng,2,n,GRA,N,1,18,180,36,27,14,4,3,1,1,1,1
271,1552,IigIigNng,3,n,GRA,N,1,18,1815,89,70,39,14,8,5,3,2,2
272,1553,Nng,1,n,GRA,N,1,18,180,1,1,1,1,1,1,1,1,1
273,1554,Nng,1,n,GRA,N,2,24,247,1,1,1,1,1,1,1,1,1
274,1569,Nng,1,n,GRA,N,1,110,1101,1,1,1,1,1,1,1,1,1
275,1572,SSSIigXxg,3,S,\N,S,1,18,180,70,55,31,10,7,5,3,2,2
276,1574,NngNng,2,n,GRA,N,1,17,171,37,28,15,4,3,1,1,1,1
277,1587,NngNng,2,n,GRA,N,1,19,1912,37,28,15,4,3,1,1,1,1
278,1588,NngNng,2,n,GRA,N,1,19,1912,37,28,15,4,3,1,1,1,1
279,1589,NngXxg,2,i,GRA,N?,2,24,247,39,30,15,4,3,1,1,1,1
280,1590,Nng,1,n,GRA,N,1,19,1912,1,1,1,1,1,1,1,1,1
281,1597,NNlNNlIig,3,N,LAT,N,1,19,1912,85,67,37,12,8,5,3,2,2
282,1598,NngXxg,2,i,GRA,NUM?,2,21,219,39,30,15,4,3,1,1,1,1
283,1603,Iig,1,i,GRA,I,1,19,1912,8,7,4,1,1,1,1,1,1
284,1604,IigNng,2,n,GRA,N,1,19,1912,36,27,14,4,3,1,1,1,1
285,1605,XXlIigIig,3,X,LAT,NUM,1,19,1912,68,53,31,10,7,5,3,2,2
286,1607,NngNngXxg,3,i,GRA,N?,1,19,1912,92,73,40,14,8,5,3,2,2
287,1608,NngXxg,2,i,GRA,N?,1,19,199,39,30,15,4,3,1,1,1,1
288,1610,Nng,1,i,GRA,N?,2,24,242,1,1,1,1,1,1,1,1,1
289,1617,XxgXxg,2,i,GRA,NUM?,2,26,266,26,19,9,3,3,1,1,1,1
290,1618,XxgXxg,2,i,GRA,NUM?,2,21,2111,26,19,9,3,3,1,1,1,1
291,1619,XxgXxg,2,i,GRA,NUM?,2,21,219,26,19,9,3,3,1,1,1,1
292,1620,XxgXxg,2,i,GRA,NUM?,2,211,2112,26,19,9,3,3,1,1,1,1
293,1621,XxgXxg,2,i,GRA,NUM?,2,26,264,26,19,9,3,3,1,1,1,1
294,1623,XxgXxg,2,i,GRA,NUM?,1,19,199,26,19,9,3,3,1,1,1,1
295,1624,XxgXxg,2,i,GRA,NUM?,2,21,2111,26,19,9,3,3,1,1,1,1
296,1629,Nng,1,n,GRA,N,2,211,2112,1,1,1,1,1,1,1,1,1
297,1630,NngNng,2,n,GRA,N,1,19,1912,37,28,15,4,3,1,1,1,1
298,1631,NngNng,2,n,GRA,N,1,19,1912,37,28,15,4,3,1,1,1,1
299,1632,Nng,1,n,GRA,N,1,19,1912,1,1,1,1,1,1,1,1,1
300,1633,Nng,1,n,GRA,N,1,19,1912,1,1,1,1,1,1,1,1,1
301,1634,Nng,1,n,GRA,N,1,19,1912,1,1,1,1,1,1,1,1,1
302,1635,Nng,1,n,GRA,N,1,19,1912,1,1,1,1,1,1,1,1,1
303,1636,Nng,1,n,GRA,N,1,19,1912,1,1,1,1,1,1,1,1,1
304,1637,Nng,1,n,GRA,N,1,19,1912,1,1,1,1,1,1,1,1,1
305,1638,Nng,1,n,GRA,N,1,19,1912,1,1,1,1,1,1,1,1,1
306,1639,XXlNng,2,n,GRA,N,1,19,1912,30,22,12,4,3,1,1,1,1
307,1640,NNl,1,n,GRA,N,1,19,1912,2,2,2,1,1,1,1,1,1
308,1643,NNl,1,n,GRA,N,8,82,820,2,2,2,1,1,1,1,1,1
309,1644,NNlNng,2,n,GRA,N,2,26,264,35,26,13,4,3,1,1,1,1
310,1645,NNlNng,2,N,LAT,N,2,26,264,35,26,13,4,3,1,1,1,1
311,1646,NNlNng,2,n,GRA,N,2,26,264,35,26,13,4,3,1,1,1,1
312,1649,Nng,1,n,GRA,N,2,29,292,1,1,1,1,1,1,1,1,1
313,1651,Nng,1,i,GRA,N?,1,19,199,1,1,1,1,1,1,1,1,1
314,1652,NngPpg,2,i,GRA,P?,2,26,263,38,29,15,4,3,1,1,1,1
315,1653,NngNng,2,i,GRA,N?,1,19,1912,37,28,15,4,3,1,1,1,1
316,1654,NngXxg,2,i,GRA,N?,1,19,1912,39,30,15,4,3,1,1,1,1
317,1655,Nng,1,n,GRA,N,2,21,210,1,1,1,1,1,1,1,1,1
318,1657,NngNngPpg,3,i,GRA,N?,2,26,263,91,72,40,14,8,5,3,2,2
319,1658,NNlNngPpgXxg,4,n,GRA,N,1,19,1912,45,35,18,5,4,2,2,2,2
320,1659,NNlNngPpg,3,n,GRA,N,1,19,1912,79,62,35,12,8,5,3,2,2
321,1660,IigNngNngNngNngPpg,6,n,GRA,N,8,82,820,97,78,43,15,9,6,4,3,3
322,1661,NngPpg,2,n,GRA,N,1,19,1912,38,29,15,4,3,1,1,1,1
323,1662,NngPpg,2,n,GRA,N,1,19,1912,38,29,15,4,3,1,1,1,1
324,1663,Nng,1,n,GRA,N,2,26,264,1,1,1,1,1,1,1,1,1
325,1664,Iig,1,i,GRA,I,2,24,242,8,7,4,1,1,1,1,1,1
326,1665,Iig,1,i,GRA,I,2,24,242,8,7,4,1,1,1,1,1,1
327,1667,IigNngPpg,3,n,GRA,N,2,21,2110,95,76,41,14,8,5,3,2,2
328,1668,IigNngPpg,3,n,GRA,N,2,21,2110,95,76,41,14,8,5,3,2,2
329,1669,IigNngPpg,3,n,GRA,N,2,21,2110,95,76,41,14,8,5,3,2,2
330,1670,IigNngPpgXxg,4,n,GRA,N,2,21,2110,42,33,16,5,4,2,2,2,2
331,1671,Nng,1,n,GRA,N,2,21,2110,1,1,1,1,1,1,1,1,1
332,1674,NngNng,2,n,GRA,N,2,23,2310,37,28,15,4,3,1,1,1,1
333,1675,IigNngNng,3,n,GRA,N,1,19,199,94,75,41,14,8,5,3,2,2
334,1676,IigNngNng,3,n,GRA,N,1,19,199,94,75,41,14,8,5,3,2,2
335,1678,IigIigXxg,3,x,GRA,NUM,2,24,242,71,55,31,10,7,5,3,2,2
336,1679,XXlIigIig,3,x,GRA,NUM,2,27,277,68,53,31,10,7,5,3,2,2
337,1680,Iig,1,i,GRA,I,2,26,266,8,7,4,1,1,1,1,1,1
338,1683,IigNng,2,i,GRA,I,1,19,1912,36,27,14,4,3,1,1,1,1
339,1684,NngNngNngNng,4,n,GRA,N,1,19,199,48,37,20,5,4,2,2,2,2
340,1685,IigNngNng,3,i,GRA,I,1,19,199,94,75,41,14,8,5,3,2,2
341,1686,IigXxg,2,i,GRA,NUM?,1,19,191,22,16,8,3,3,1,1,1,1
342,1687,IigNng,2,i,GRA,NUM?,1,19,1912,36,27,14,4,3,1,1,1,1
343,1688,IigNng,2,i,GRA,NUM?,1,19,1912,36,27,14,4,3,1,1,1,1
344,1710,IigNng,2,i,GRA,I,2,29,290,36,27,14,4,3,1,1,1,1
345,1712,NNl,1,N,LAT,N,2,210,2100,2,2,2,1,1,1,1,1,1
346,1721,Nng,1,n,GRA,N,4,414,4140,1,1,1,1,1,1,1,1,1
347,1722,Nng,1,n,GRA,N,4,414,4140,1,1,1,1,1,1,1,1,1
348,1726,XXlNng,2,X,LAT,NUM,4,414,4140,30,22,12,4,3,1,1,1,1
349,1727,XXlNng,2,X,LAT,NUM,4,414,4140,30,22,12,4,3,1,1,1,1
350,1728,Nng,1,n,GRA,N,4,414,4140,1,1,1,1,1,1,1,1,1
351,1729,Nng,1,n,GRA,N,4,414,4140,1,1,1,1,1,1,1,1,1
352,1730,Nng,1,n,GRA,N,4,414,4140,1,1,1,1,1,1,1,1,1
353,1731,Nng,1,n,GRA,N,4,414,4140,1,1,1,1,1,1,1,1,1
354,1732,Nng,1,n,GRA,N,4,414,4140,1,1,1,1,1,1,1,1,1
355,1733,Nng,1,n,GRA,N,4,414,4140,1,1,1,1,1,1,1,1,1
356,1734,Nng,1,n,GRA,N,4,414,4140,1,1,1,1,1,1,1,1,1
357,1735,Nng,1,n,GRA,N,4,414,4140,1,1,1,1,1,1,1,1,1
358,1736,Nng,1,n,GRA,N,4,414,4140,1,1,1,1,1,1,1,1,1
359,1737,Nng,1,n,GRA,N,4,414,4140,1,1,1,1,1,1,1,1,1
360,1738,Nng,1,n,GRA,N,4,414,4140,1,1,1,1,1,1,1,1,1
361,1739,Nng,1,n,GRA,N,4,414,4140,1,1,1,1,1,1,1,1,1
362,1740,Nng,1,n,GRA,N,4,414,4140,1,1,1,1,1,1,1,1,1
363,1741,Nng,1,n,GRA,N,4,414,4140,1,1,1,1,1,1,1,1,1
364,1742,Nng,1,n,GRA,N,4,414,4140,1,1,1,1,1,1,1,1,1
365,1743,Nng,1,n,GRA,N,4,414,4140,1,1,1,1,1,1,1,1,1
366,1744,Nng,1,n,GRA,N,4,414,4140,1,1,1,1,1,1,1,1,1
367,1745,Nng,1,n,GRA,N,4,414,4140,1,1,1,1,1,1,1,1,1
368,1746,Nng,1,n,GRA,N,4,414,4140,1,1,1,1,1,1,1,1,1
369,1747,Nng,1,n,GRA,N,4,414,4140,1,1,1,1,1,1,1,1,1
370,1748,Nng,1,n,GRA,N,4,414,4140,1,1,1,1,1,1,1,1,1
371,1749,Nng,1,n,GRA,N,4,414,4140,1,1,1,1,1,1,1,1,1
372,1750,Nng,1,n,GRA,N,4,414,4140,1,1,1,1,1,1,1,1,1
373,1751,Nng,1,n,GRA,N,4,414,4140,1,1,1,1,1,1,1,1,1
374,1752,Nng,1,n,GRA,N,4,414,4140,1,1,1,1,1,1,1,1,1
375,1753,XXlNng,2,X,LAT,NUM,4,414,4140,30,22,12,4,3,1,1,1,1
376,1754,XXlNng,2,X,LAT,NUM,4,414,4140,30,22,12,4,3,1,1,1,1
377,1755,XXlNng,2,X,LAT,NUM,4,414,4140,30,22,12,4,3,1,1,1,1
378,1756,XXlNng,2,X,LAT,NUM,4,414,4140,30,22,12,4,3,1,1,1,1
379,1757,XXlNng,2,X,LAT,NUM,4,414,4140,30,22,12,4,3,1,1,1,1
380,1758,NngXxg,2,n,GRA,N,4,414,4140,39,30,15,4,3,1,1,1,1
381,1764,NNlXXlNng,3,X,LAT,NUM,6,611,6110,84,66,37,12,8,5,3,2,2
382,1775,XXlNng,2,X,LAT,NUM,6,616,61626,30,22,12,4,3,1,1,1,1
383,1789,IIlNngNng,3,I,LAT,I,6,616,61610,80,63,35,12,8,5,3,2,2
384,1791,NngXxg,2,i,GRA,NUM?,6,616,61630,39,30,15,4,3,1,1,1,1
385,1795,IigXxg,2,i,GRA,NUM?,0,00,000,22,16,8,3,3,1,1,1,1
386,1796,IigNng,2,n,GRA,N,0,00,000,36,27,14,4,3,1,1,1,1
387,1803,NngPpg,2,n,GRA,N,0,00,000,38,29,15,4,3,1,1,1,1
388,1819,IIlPPl,2,I,LAT,P?,0,00,000,16,11,5,2,2,1,1,1,1
389,1826,NNlPPl,2,N,LAT,N,1,110,1107,20,15,7,2,2,1,1,1,1
390,1832,NNlNNl,2,N,LAT,N,1,17,1711,19,14,7,2,2,1,1,1,1
391,1839,NNlNNl,2,N,LAT,N,1,16,162,19,14,7,2,2,1,1,1,1
392,1841,NNlNNl,2,N,LAT,N,1,17,1711,19,14,7,2,2,1,1,1,1
393,1843,NNlNNlNNl,3,N,LAT,N,1,110,1104,61,48,28,9,6,4,3,2,2
394,1860,IIlNNlNNl,3,N,LAT,N,1,16,162,65,50,29,9,6,4,3,2,2
395,1879,IIlNNl,2,I,LAT,I,1,18,1810,18,13,6,2,2,1,1,1,1
396,1881,IIl,1,I,LAT,I,2,25,254,3,3,3,1,1,1,1,1,1
397,1888,PPlIig,2,P,LAT,P,1,16,160,28,20,10,3,3,1,1,1,1
398,1889,IIlIIlPPl,3,I,LAT,I,1,18,1819,67,52,30,9,6,4,3,2,2
399,1918,IIlNNl,2,I,LAT,N?,1,16,162,18,13,6,2,2,1,1,1,1
400,1922,IIlIIlNNlXXl,4,X,LAT,NUM,1,18,1819,49,38,21,6,5,3,2,2,2
401,1937,IIlNNl,2,I,LAT,N?,1,17,1711,18,13,6,2,2,1,1,1,1
402,1939,IIlNNl,2,I,LAT,I,1,18,182,18,13,6,2,2,1,1,1,1
403,1940,IIlNNlNNl,3,N,LAT,N,1,16,162,65,50,29,9,6,4,3,2,2
404,1945,IIlNNl,2,N,LAT,N,1,16,162,18,13,6,2,2,1,1,1,1
405,1952,IIlNNl,2,N,LAT,N,1,16,162,18,13,6,2,2,1,1,1,1
406,1954,IIlNNl,2,N,LAT,N,3,34,341,18,13,6,2,2,1,1,1,1
407,1955,IIlNNlNNl,3,I,LAT,N?,1,17,1711,65,50,29,9,6,4,3,2,2
408,1960,NNl,1,N,LAT,N,1,17,1719,2,2,2,1,1,1,1,1,1
409,1962,NNl,1,N,LAT,N,0,00,000,2,2,2,1,1,1,1,1,1
410,1967,NNlIigIig,3,i,GRA,I,3,34,340,76,59,34,12,8,5,3,2,2
411,1968,ΙΝ,2,N,LAT,N,1,18,180,5,5,3,1,1,1,1,1,1
412,1987,NNl,1,N,LAT,N,1,16,160,2,2,2,1,1,1,1,1,1
413,1991,NNlNngPpg,3,N,LAT,N,1,110,1104,79,62,35,12,8,5,3,2,2
414,1992,NNl,1,N,LAT,N,1,110,11011,2,2,2,1,1,1,1,1,1
415,1993,NNlXXl,2,X,LAT,NUM,1,18,1812,21,15,7,2,2,1,1,1,1
416,1997,NNl,1,N,LAT,N,1,111,1112,2,2,2,1,1,1,1,1,1
417,2000,NNlXXlXXlNng,4,X,LAT,NUM,1,17,1719,54,41,23,7,5,3,2,2,2
418,2001,NNl,1,N,LAT,N,3,34,341,2,2,2,1,1,1,1,1,1
419,2002,NNl,1,N,LAT,N,3,34,341,2,2,2,1,1,1,1,1,1
420,2003,IIlNNl,2,I,LAT,NUM?,3,34,341,18,13,6,2,2,1,1,1,1
421,2006,IIlIIlNNlNNl,4,N,LAT,N,1,110,1104,51,38,21,6,5,3,2,2,2
422,2013,NNl,1,N,LAT,N,1,17,1715,2,2,2,1,1,1,1,1,1
423,2014,IIlNNl,2,N,LAT,N,1,17,1718,18,13,6,2,2,1,1,1,1
424,2016,NNl,1,N,LAT,N,1,18,180,2,2,2,1,1,1,1,1,1
425,2017,IIlNNlXXl,3,I,LAT,I,1,18,187,66,51,29,9,6,4,3,2,2
426,2021,NNlNNl,2,N,LAT,N,1,18,180,19,14,7,2,2,1,1,1,1
427,2023,NNl,1,N,LAT,N,1,18,1814,2,2,2,1,1,1,1,1,1
428,2024,NNl,1,N,LAT,N,1,17,1715,2,2,2,1,1,1,1,1,1
429,2037,IIlIIlNNl,3,N,LAT,N,extra moe0ia,extra moe0ia0,extra moe0ia00,64,49,29,9,6,4,3,2,2
430,2070,NNl,1,N,LAT,N,1,110,1104,2,2,2,1,1,1,1,1,1
431,2071,IIl,1,I,LAT,I,1,18,1815,3,3,3,1,1,1,1,1,1
432,2074,NNlXXl,2,X,LAT,NUM,2,25,253,21,15,7,2,2,1,1,1,1
433,2076,IIl,1,I,LAT,N?,1,18,1810,3,3,3,1,1,1,1,1,1
434,2082,NNlIig,2,I,LAT,N?,1,18,182,34,25,13,4,3,1,1,1,1
435,2084,IIlNNl,2,I,LAT,I,1,18,1810,18,13,6,2,2,1,1,1,1
436,2085,IIlNNl,2,I,LAT,N?,1,18,1810,18,13,6,2,2,1,1,1,1
437,2091,...IIl,2,...,\N,...,1,18,182,12,10,5,2,2,1,1,1,1
438,2101,IIl,1,I,LAT,I,1,16,160,3,3,3,1,1,1,1,1,1
439,2114,NNlNNl,2,N,LAT,N,3,34,340,19,14,7,2,2,1,1,1,1
440,2125,NNl,1,N,LAT,N,1,18,1818,2,2,2,1,1,1,1,1,1
441,2145,NNlNNl,2,N,LAT,N,1,18,180,19,14,7,2,2,1,1,1,1
442,2146,NNl,1,N,LAT,N,1,18,180,2,2,2,1,1,1,1,1,1
443,2147,NNl,1,N,LAT,N,1,18,180,2,2,2,1,1,1,1,1,1
444,2161,IigXxg,2,i,GRA,I,1,18,180,22,16,8,3,3,1,1,1,1
445,2163,IigNng,2,i,GRA,N?,1,18,180,36,27,14,4,3,1,1,1,1
446,2164,IigNng,2,i,GRA,N?,1,18,180,36,27,14,4,3,1,1,1,1
447,2165,NNlXXl,2,N,LAT,N,1,16,162,21,15,7,2,2,1,1,1,1
448,2171,NNl,1,N,LAT,N,1,17,1719,2,2,2,1,1,1,1,1,1
449,2177,XxgXxg,2,i,GRA,NUM?,1,18,180,26,19,9,3,3,1,1,1,1
450,2195,IIl,1,I,LAT,I,1,110,1108,3,3,3,1,1,1,1,1,1
451,2200,IIl,1,I,LAT,I,3,31,311,3,3,3,1,1,1,1,1,1
452,2210,XXl,1,X,LAT,NUM,1,18,1815,4,4,3,1,1,1,1,1,1
453,2218,CClIIl,2,I,LAT,I,2,21,219,13,10,5,2,2,1,1,1,1
454,2225,PPl,1,P,LAT,P,2,21,219,6,6,3,1,1,1,1,1,1
455,2229,NNl,1,N,LAT,N,2,21,216,2,2,2,1,1,1,1,1,1
456,2230,...NNlNNlNNl,4,N,LAT,N,1,19,1912,52,39,22,6,5,3,2,2,2
457,2248,NNlNNlPPl,3,N,LAT,N,1,19,1912,62,48,28,9,6,4,3,2,2
458,2250,PPlNng,2,n,GRA,N,1,18,180,31,22,12,4,3,1,1,1,1
459,2260,NNlNngNng,3,n,GRA,N,1,19,1913,78,61,35,12,8,5,3,2,2
460,2289,NNl,1,N,LAT,N,2,24,244,2,2,2,1,1,1,1,1,1
461,2292,IIlNNl,2,N,LAT,N,2,24,2413,18,13,6,2,2,1,1,1,1
462,2298,NNl,1,N,LAT,N,1,19,1911,2,2,2,1,1,1,1,1,1
463,2299,IIlNNl,2,I,LAT,I,1,19,1912,18,13,6,2,2,1,1,1,1
464,2300,NNl,1,N,LAT,N,1,19,1913,2,2,2,1,1,1,1,1,1
465,2301,NNlNNl,2,I,LAT,N?,1,19,193,19,14,7,2,2,1,1,1,1
466,2305,NNl,1,I,LAT,N?,1,19,1912,2,2,2,1,1,1,1,1,1
467,2312,IIlIIlNNl,3,N,LAT,N,1,19,1912,64,49,29,9,6,4,3,2,2
468,2319,IIl,1,I,LAT,I,1,19,198,3,3,3,1,1,1,1,1,1
469,2327,IIlNNl,2,I,LAT,I,1,19,199,18,13,6,2,2,1,1,1,1
470,2330,NNl,1,N,LAT,N,2,211,2111,2,2,2,1,1,1,1,1,1
471,2331,NNl,1,N,LAT,N,1,19,1912,2,2,2,1,1,1,1,1,1
472,2333,NNl,1,N,LAT,N,2,23,234,2,2,2,1,1,1,1,1,1
473,2334,NNl,1,I,LAT,N?,1,19,1912,2,2,2,1,1,1,1,1,1
474,2335,IIlNNl,2,I,LAT,N?,1,19,1912,18,13,6,2,2,1,1,1,1
475,2342,NNlNng,2,N,LAT,N,1,19,1912,35,26,13,4,3,1,1,1,1
476,2352,NNl,1,N,LAT,N,0,00,000,2,2,2,1,1,1,1,1,1
477,2357,Xxg,1,i,GRA,NUM?,1,19,198,9,8,4,1,1,1,1,1,1
478,2364,IIl,1,I,LAT,I,0,00,000,3,3,3,1,1,1,1,1,1
479,2375,XXl,1,X,LAT,NUM,1,19,196,4,4,3,1,1,1,1,1,1
480,2432,NNlNNl,2,N,LAT,N,4,40,400,19,14,7,2,2,1,1,1,1
481,2433,IIlNNl,2,N,LAT,N,4,40,400,18,13,6,2,2,1,1,1,1
482,2460,IIlXXl,2,I,LAT,NUM?,4,414,4140,14,11,5,2,2,1,1,1,1
483,2474,IIlNNlXxg,3,S,\N,S,4,417,4170,60,47,27,9,6,4,3,2,2
484,2478,NNl,1,N,LAT,N,4,415,4150,2,2,2,1,1,1,1,1,1
485,2503,XXlXXlXXl,3,X,LAT,NUM,2,28,280,75,58,33,11,7,5,3,2,2
486,2534,NNl,1,I,LAT,N?,6,616,61632,2,2,2,1,1,1,1,1,1
487,2544,XXlXxg,2,X,LAT,NUM,6,616,61635,25,18,9,3,3,1,1,1,1
488,2548,NNlIigNng,3,N,LAT,N,6,616,61630,77,60,34,12,8,5,3,2,2
489,2549,NNlNNl,2,N,LAT,N,6,616,61630,19,14,7,2,2,1,1,1,1
490,2550,NNlNNl,2,N,LAT,N,6,616,61630,19,14,7,2,2,1,1,1,1
491,2553,NNl,1,N,LAT,N,0,00,000,2,2,2,1,1,1,1,1,1
492,2554,NNl,1,N,LAT,N,0,00,000,2,2,2,1,1,1,1,1,1
493,2555,IIlNNl,2,I,LAT,I,6,616,61626,18,13,6,2,2,1,1,1,1
494,2562,IIlIIlNNlXXl,4,X,LAT,NUM,0,00,000,49,38,21,6,5,3,2,2,2
495,2572,NngXxg,2,n,GRA,N,0,00,000,39,30,15,4,3,1,1,1,1
496,2574,NngNng,2,i,GRA,N?,0,00,000,37,28,15,4,3,1,1,1,1
497,2675,Iig,1,i,GRA,I,2,28,286,8,7,4,1,1,1,1,1,1
498,2683,XXlNng,2,X,LAT,NUM,1,114,1145,30,22,12,4,3,1,1,1,1
499,2684,XXlXXl,2,X,LAT,NUM,1,114,1145,17,12,5,2,2,1,1,1,1
500,2685,IigIig,2,i,GRA,I,1,114,1145,23,17,8,3,3,1,1,1,1
501,2712,SSS,1,S,\N,S,1,114,1147,5,5,3,1,1,1,1,1,1
502,2758,NNlNng,2,N,LAT,N,1,120,1205,35,26,13,4,3,1,1,1,1
503,2767,Nng,1,n,GRA,N,1,117,1172,1,1,1,1,1,1,1,1,1
504,2799,IigNngXxg,3,n,GRA,N,7,716,7160,93,74,41,14,8,5,3,2,2
505,2808,NNlXXlXXl,3,I,LAT,NUM?,1,111,11117,82,65,36,12,8,5,3,2,2
506,2813,IigIig,2,i,GRA,I,1,112,1127,23,17,8,3,3,1,1,1,1
507,2857,PPl,1,P,LAT,P,1,121,1212,6,6,3,1,1,1,1,1,1
508,2858,Iig,1,i,GRA,I,1,121,1212,8,7,4,1,1,1,1,1,1
509,2859,NNlNng,2,n,GRA,N,1,121,1212,35,26,13,4,3,1,1,1,1
510,2860,NNlNNl,2,N,LAT,N,1,121,1212,19,14,7,2,2,1,1,1,1
511,2861,IigXxg,2,i,GRA,I,1,121,1212,22,16,8,3,3,1,1,1,1
512,2863,NNlNNlXXl,3,X,LAT,NUM,1,111,11116,63,48,28,9,6,4,3,2,2
513,2864,NNlPPl,2,P,LAT,P,1,111,11116,20,15,7,2,2,1,1,1,1
514,2867,XXlXXlIig,3,X,LAT,NUM,7,716,71617,74,57,32,11,7,5,3,2,2
515,2868,...XXlIigNngNng,5,...,\N,...,7,716,71617,99,80,45,17,10,7,4,3,3
516,2869,Iig,1,i,GRA,I,7,716,71617,8,7,4,1,1,1,1,1,1
517,2870,XXlXxg,2,X,LAT,NUM,7,716,71617,25,18,9,3,3,1,1,1,1
518,2873,IigXxg,2,i,GRA,I,7,716,71617,22,16,8,3,3,1,1,1,1
519,2888,IIlNNl,2,I,LAT,N?,0,00,000,18,13,6,2,2,1,1,1,1
520,2889,NngNng,2,n,GRA,N,1,112,1128,37,28,15,4,3,1,1,1,1
521,2890,NNl,1,N,LAT,N,0,00,000,2,2,2,1,1,1,1,1,1
522,2893,Nng,1,n,GRA,N,0,00,000,1,1,1,1,1,1,1,1,1
523,2898,Iig,1,i,GRA,I,0,00,000,8,7,4,1,1,1,1,1,1
524,2899,Nng,1,n,GRA,N,0,00,000,1,1,1,1,1,1,1,1,1
525,2900,Nng,1,n,GRA,N,0,00,000,1,1,1,1,1,1,1,1,1
526,2901,NngNng,2,i,GRA,N?,0,00,000,37,28,15,4,3,1,1,1,1
527,2902,IigIigNng,3,i,GRA,I,0,00,000,89,70,39,14,8,5,3,2,2
528,2905,...Nng,2,n,GRA,N,0,00,000,33,24,12,4,3,1,1,1,1
529,2906,IigNng,2,i,GRA,I,0,00,000,36,27,14,4,3,1,1,1,1
530,2909,NNlIig,2,N,LAT,N,0,00,000,34,25,13,4,3,1,1,1,1
531,2910,NNl,1,N,LAT,N,0,00,000,2,2,2,1,1,1,1,1,1
532,2911,Nng,1,n,GRA,N,0,00,000,1,1,1,1,1,1,1,1,1
533,2931,Xxg,1,x,GRA,NUM,0,00,000,9,8,4,1,1,1,1,1,1
